month,revenue,cogs,fees,opex,net_before_cuota,cuota,net_after_cuota,cum_cash,print_hrs,util
1,369.6,48.1,32.51,40.0,248.99,263.33,-14.34,-364.34,35.56,0.18
2,680.4,89.46,58.84,45.0,487.1,263.33,223.76,-140.58,65.24,0.33
3,991.2,130.82,85.18,50.0,725.2,263.33,461.87,321.29,94.92,0.47
4,1293.6,172.0,110.63,60.0,950.97,263.33,687.64,1008.93,123.76,0.62
5,1596.0,213.18,136.08,60.0,1186.74,263.33,923.41,1932.35,152.6,0.76
6,1898.4,254.35,161.53,70.0,1412.52,263.33,1149.18,3081.53,181.44,0.91
7,2093.21,281.08,177.84,70.0,1564.28,263.33,1300.95,4382.48,200.0,1.0
8,2093.68,281.62,177.68,80.0,1554.37,263.33,1291.04,5673.52,200.0,1.0
9,2094.04,282.04,177.55,80.0,1554.45,263.33,1291.11,6964.63,200.0,1.0
10,2094.34,282.38,177.45,80.0,1554.5,0,1554.5,8519.14,200.0,1.0
11,2094.58,282.67,177.37,90.0,1544.55,0,1544.55,10063.68,200.0,1.0
12,2094.79,282.9,177.3,90.0,1544.59,0,1544.59,11608.27,200.0,1.0
